Scheme,Profile,Avg RTT,95th RTT,Avg Throughput
cubic,Senario 1,29.660851480797493,37.58189303580723,-1.0
cubic,Senario 2,30.38329194904498,37.49229855479287,-1.0
fillp,Senario 1,29.98456201878026,39.55657403551131,-1.0
fillp,Senario 2,29.625240496437094,37.00412277676381,-1.0
vegas,Senario 1,30.60635888442004,38.98274123512811,-1.0
vegas,Senario 2,29.108164148323315,37.79982767816852,-1.0
